{"assets":{"4C05529C9721FDDF3DC8A6AB6FE165C7":{"type":"texture","index":0,"url":{"native":"assets\/AE7B60EF-A8F0-44FC-A2D1-288D6860736E.pdf"},"width":695,"height":4364},"84966BEFB8D8D24B1B03C3667B3EC4A9":{"type":"texture","index":1,"url":{"native":"assets\/AE7B60EF-A8F0-44FC-A2D1-288D6860736E.pdf"},"width":695,"height":4364}},"events":[{"effects":[{"beginTime":0,"baseLayer":{"animations":[],"initialState":{"affineTransform":[1,0,0,1,0,0],"masksToBounds":false,"rotation":0,"scale":1,"position":{"pointX":347.5,"pointY":2182},"width":695,"sublayerTransform":[1,0,0,0,0,1,0,0,0,0,1,0,0,0,0,1],"contentsRect":{"y":0,"x":0,"width":1,"height":1},"opacity":1,"edgeAntialiasingMask":251658240,"height":4364,"hidden":false,"anchorPoint":{"pointX":0.5,"pointY":0.5}},"objectID":"0","layers":[{"animations":[],"initialState":{"affineTransform":[1,0,0,1,0,0],"masksToBounds":false,"rotation":0,"scale":1,"position":{"pointX":347.5,"pointY":2182},"width":695,"sublayerTransform":[1,0,0,0,0,1,0,0,0,0,1,-0.00054400784840457652,0,0,0,1],"contentsRect":{"y":0,"x":0,"width":1,"height":1},"opacity":1,"edgeAntialiasingMask":251658240,"height":4364,"hidden":false,"anchorPoint":{"pointX":0.5,"pointY":0.5}},"layers":[{"animations":[],"layers":[],"texturedRectangle":{"isBackgroundTexture":false,"singleTextureOpacity":1,"textureType":0,"textBaseline":0,"textXHeight":0,"isVerticalText":false},"initialState":{"affineTransform":[1,0,0,1,0,0],"masksToBounds":false,"rotation":0,"scale":1,"position":{"pointX":347.5,"pointY":2182},"width":695,"sublayerTransform":[1,0,0,0,0,1,0,0,0,0,1,0,0,0,0,1],"contentsRect":{"y":0,"x":0,"width":1,"height":1},"opacity":1,"edgeAntialiasingMask":0,"height":4364,"hidden":false,"anchorPoint":{"pointX":0.5,"pointY":0.5}},"texture":"84966BEFB8D8D24B1B03C3667B3EC4A9"},{"animations":[{"additive":false,"timeOffset":0,"beginTime":0,"from":{"scalar":false},"repeatCount":0,"fillMode":"both","duration":0.001,"autoreverses":false,"property":"hidden","to":{"scalar":true},"removedOnCompletion":false}],"layers":[],"texturedRectangle":{"isBackgroundTexture":false,"singleTextureOpacity":1,"textureType":0,"textBaseline":0,"textXHeight":0,"isVerticalText":false},"initialState":{"affineTransform":[1,0,0,1,0,0],"masksToBounds":false,"rotation":0,"scale":1,"position":{"pointX":347.5,"pointY":2182},"width":695,"sublayerTransform":[1,0,0,0,0,1,0,0,0,0,1,0,0,0,0,1],"contentsRect":{"y":0,"x":0,"width":1,"height":1},"opacity":1,"edgeAntialiasingMask":0,"height":4364,"hidden":false,"anchorPoint":{"pointX":0.5,"pointY":0.5}},"texture":"4C05529C9721FDDF3DC8A6AB6FE165C7"}]}]},"effects":[],"duration":0.001,"type":"transition","attributes":{"direction":0},"name":"none","objectID":"0"}],"automaticPlay":false,"hyperlinks":[],"accessibility":[{"text":"Sous la lumière éclatante d’un soleil d’hiver qui aura créé la surprise générale et enchanté les cœurs, se dessine un édito mode joyeux et vivifiant.","targetRectangle":{"y":257.31960046291351,"x":125.67029321193695,"width":228.19999999999993,"height":95.608005430221965}},{"text":"a_j-49.jpg","targetRectangle":{"y":3449.8435043256941,"x":112.07068634033196,"width":221,"height":490.375}},{"text":"a_j-14.jpg","targetRectangle":{"y":2566.0184020996094,"x":441.20480355538939,"width":163.78125,"height":227.14342464976653}},{"text":"ÉDITO • MODE","targetRectangle":{"y":84.222854256629944,"x":125.96029412746429,"width":94.248046875,"height":34}},{"text":"a_j-17.jpg","targetRectangle":{"y":1219.3968658447266,"x":137.29516601562497,"width":141.40625000000003,"height":141.57554707456802}},{"text":"a_j-10-3.jpg","targetRectangle":{"y":1686.8009033203125,"x":67.236068725585938,"width":206.94659003915149,"height":311.04538702964783}},{"text":"a_j-26.jpg","targetRectangle":{"y":890.39706420898438,"x":407.54947471618652,"width":181.57002301404646,"height":173.375}},{"text":"a_j-52.jpg","targetRectangle":{"y":2048.64794921875,"x":341.37667846679688,"width":275.42364501953125,"height":413.96798706054688}},{"text":"C’est la rencontre du soleil et de l’hiver, la rencontre artistique de Marie Guillaume, photographe aguerrie et de Marine Devilder, styliste & mannequin.                                                                                                                 Terrain de jeu du duo depuis des années, la côte d’opale et ses paysages ultra photogéniques, révèlent des silhouettes fraîches et chaudes à la fois.                                                                                                                 Marie a capturé la série sous le signe d’une certaine liberté et simplicité, avec une touche rétro, mariage signature de Marine pour des pièces actuelles avec des pièces uniques.                                                                                                                          S’en dégage une émotion particulière, avec comme toile de fond une magnifique journée passée en bonne compagnie.","targetRectangle":{"y":466.64178574085236,"x":181.67017114162445,"width":778.69873046875,"height":202.5}},{"text":"a_j-55.jpg","targetRectangle":{"y":3449.24609375,"x":395.81454467773438,"width":198.78125,"height":297.25}},{"text":"Pull vintage •  Jupe Alberta Ferretti •  Sac Valentino • Chaussettes Calzedonia •  Escarpins Céline","targetRectangle":{"y":2922.8293461799622,"x":133.69792687892914,"width":119.58100000000002,"height":75}},{"text":"a_j-64.jpg","targetRectangle":{"y":19.916023254394531,"x":395.47488403320312,"width":265.6187744140625,"height":399.2310791015625}},{"text":"Photographe – Marie Guillaume – Styliste – Marine Devilder  – Modèle – Marine Devilder  – Maquilleuse – Clara Debruyne                                ","targetRectangle":{"y":702.16540569067001,"x":200.03737390041351,"width":369.34799999999973,"height":28}},{"text":"Veste vintage • Bob vintage •  Trench Roseanna • Pull vintage •  Jupe vintage • Collants Calzedonia • Mules Ulanka","targetRectangle":{"y":1104.1741936206818,"x":416.26302087306976,"width":166.27599999999995,"height":60}},{"text":"Bob Lacoste •  Sous-pull Roseanna •  T-shirt Parfois •  Robe Pimkie • Pantalon Suzie Winkle • Mocassins Marni","targetRectangle":{"y":1928.6044926643372,"x":469.94414269924164,"width":141.98799999999994,"height":75}},{"text":"a_j-8.jpg","targetRectangle":{"y":2593.876220703125,"x":90.013954162597656,"width":197.3251953125,"height":296.01913452148438}},{"text":"a_j-16-2.jpg","targetRectangle":{"y":3035.28955078125,"x":134.63821411132812,"width":214.78475952148438,"height":322.82638549804688}},{"text":"a_j-58.jpg","targetRectangle":{"y":3757.7138671875,"x":360.2110595703125,"width":195.77703857421875,"height":294.25729370117188}},{"text":"Capture d’écran 2025-03-12 à 22.41.49.png","targetRectangle":{"y":1203.798583984375,"x":125.94459533691406,"width":167.47178649902344,"height":399.2310791015625}},{"text":"a_j-16.jpg","targetRectangle":{"y":1219.5974578857422,"x":137.55416870117193,"width":140.875,"height":141.375}},{"text":"a_j-5-3.jpg","targetRectangle":{"y":1801.2203063964844,"x":194.98300933837891,"width":220.5,"height":167.3125}},{"text":"a_j-16.jpg","targetRectangle":{"y":1424.8761749267578,"x":139.24298858642578,"width":140.88542157551274,"height":141.06692298733833}},{"text":"a_j-61.jpg","targetRectangle":{"y":2076.1275329589844,"x":105.13249969482419,"width":225.15625000000003,"height":284.0625}},{"text":"Quand un soleil de plomb ","targetRectangle":{"y":122.34846246242523,"x":67.460790038108826,"width":315.89999999999998,"height":37.20000147819519}},{"text":"débarque inopinément ","targetRectangle":{"y":159.54846394062042,"x":67.460790038108826,"width":286.20799999999997,"height":37.20000147819519}},{"text":"sur mer !  ","targetRectangle":{"y":196.74846541881561,"x":67.460790038108826,"width":129.16800000000001,"height":37.20000147819519}},{"text":"a_j-12-3.jpg","targetRectangle":{"y":3035.28955078125,"x":359.036376953125,"width":214.78475952148438,"height":322.82638549804688}},{"text":"a_j-13-3.jpg","targetRectangle":{"y":2812.171142578125,"x":315.97667789459229,"width":222.1875,"height":189.35301013194839}},{"text":"Chemise denim Promod •  Manteau vintage •  Gilet Cordera •  Ceinture Monoprix • Pantalon Mango •  Baskets Gazelle Adidas","targetRectangle":{"y":3969.0917955636978,"x":145.30626428127289,"width":128.17199999999997,"height":90}},{"text":"Chute de tissu •  Gilet en maille Cordera •  Chemise en denim Promod •  Jean Promod •  Lunettes & Other Stories","targetRectangle":{"y":2393.3293449878693,"x":139.6968435049057,"width":155.87,"height":60}},{"text":"a_j-8-3.jpg","targetRectangle":{"y":1715.9256134033203,"x":424.22259521484375,"width":201.1875,"height":204.96875}},{"text":"a_j-16.jpg","targetRectangle":{"y":1224.097412109375,"x":137.71042823791504,"width":140.5625,"height":136.875}},{"text":"a_j-45.jpg","targetRectangle":{"y":799.92864990234375,"x":89.5,"width":240.36097717285156,"height":360.7650146484375}},{"text":"a_j-24-2.jpg","targetRectangle":{"y":1212.4439697265625,"x":358.04946899414062,"width":250.32131958007812,"height":376.23858642578125}}],"baseLayer":{"animations":[],"initialState":{"affineTransform":[1,0,0,1,0,0],"masksToBounds":false,"rotation":0,"scale":1,"position":{"pointX":347.5,"pointY":2182},"width":695,"sublayerTransform":[1,0,0,0,0,1,0,0,0,0,1,0,0,0,0,1],"contentsRect":{"y":0,"x":0,"width":1,"height":1},"opacity":1,"edgeAntialiasingMask":251658240,"height":4364,"hidden":false,"anchorPoint":{"pointX":0.5,"pointY":0.5}},"objectID":"0","layers":[{"animations":[],"initialState":{"affineTransform":[1,0,0,1,0,0],"masksToBounds":false,"rotation":0,"scale":1,"position":{"pointX":347.5,"pointY":2182},"width":695,"sublayerTransform":[1,0,0,0,0,1,0,0,0,0,1,-0.00054400784840457652,0,0,0,1],"contentsRect":{"y":0,"x":0,"width":1,"height":1},"opacity":1,"edgeAntialiasingMask":251658240,"height":4364,"hidden":false,"anchorPoint":{"pointX":0.5,"pointY":0.5}},"layers":[{"animations":[],"layers":[],"texturedRectangle":{"isBackgroundTexture":false,"singleTextureOpacity":1,"textureType":0,"textBaseline":0,"textXHeight":0,"isVerticalText":false},"initialState":{"affineTransform":[1,0,0,1,0,0],"masksToBounds":false,"rotation":0,"scale":1,"position":{"pointX":347.5,"pointY":2182},"width":695,"sublayerTransform":[1,0,0,0,0,1,0,0,0,0,1,0,0,0,0,1],"contentsRect":{"y":0,"x":0,"width":1,"height":1},"opacity":1,"edgeAntialiasingMask":0,"height":4364,"hidden":false,"anchorPoint":{"pointX":0.5,"pointY":0.5}},"texture":"4C05529C9721FDDF3DC8A6AB6FE165C7"}]}]}}]}